Workbook

Sheet Raw_Data
A1: Order_ID | B1: Order_Date | C1: Year | D1: Category | E1: Department | F1: Quantity | G1: Unit_Price | H1: Revenue
A2: S0001 | B2: 45871 | C2: 2025 | D2: Technology | E2: Computers | F2: 5 | G2: 125.3 | H2: 626.5
A3: S0002 | B3: 44847 | C3: 2022 | D3: Office Supplies | E3: Binders | F3: 2 | G3: 273.91 | H3: 547.82
A4: S0003 | B4: 44627 | C4: 2022 | D4: Technology | E4: Computers | F4: 4 | G4: 120.04 | H4: 480.16
A5: S0004 | B5: 45794 | C5: 2025 | D5: Technology | E5: Accessories | F5: 4 | G5: 327.89 | H5: 1311.56
A6: S0005 | B6: 45998 | C6: 2025 | D6: Office Supplies | E6: Paper | F6: 4 | G6: 213.16 | H6: 852.64
A7: S0006 | B7: 45131 | C7: 2023 | D7: Technology | E7: Computers | F7: 7 | G7: 166.31 | H7: 1164.17
A8: S0007 | B8: 44880 | C8: 2022 | D8: Technology | E8: Phones | F8: 2 | G8: 59.88 | H8: 119.76
A9: S0008 | B9: 44760 | C9: 2022 | D9: Furniture | E9: Tables | F9: 5 | G9: 367.07 | H9: 1835.35
A10: S0009 | B10: 45502 | C10: 2024 | D10: Office Supplies | E10: Binders | F10: 7 | G10: 53.88 | H10: 377.16
A11: S0010 | B11: 45162 | C11: 2023 | D11: Office Supplies | E11: Storage | F11: 6 | G11: 268.26 | H11: 1609.56
A12: S0011 | B12: 46004 | C12: 2025 | D12: Technology | E12: Computers | F12: 4 | G12: 352.42 | H12: 1409.68
A13: S0012 | B13: 44725 | C13: 2022 | D13: Technology | E13: Computers | F13: 7 | G13: 139.53 | H13: 976.71
... A501: S0500 | B501: 45879 | C501: 2025 | D501: Office Supplies | E501: Paper | F501: 6 | G501: 319.41 | H501: 1916.46

Sheet Data_Cleaning
A1: Cleaning Check | B1: Result
A2: Duplicate Order_IDs | B2: =COUNTA(Raw_Data!A2:A501)-COUNTA(UNIQUE(Raw_Data!A2:A501))
A3: Blank Order_IDs | B3: =COUNTBLANK(Raw_Data!A2:A501)
A4: Blank Categories | B4: =COUNTBLANK(Raw_Data!D2:D501)
A5: Blank Departments | B5: =COUNTBLANK(Raw_Data!E2:E501)
A6: Negative Revenue | B6: =COUNTIF(Raw_Data!H2:H501,"<0")
A8: Cleaning Notes | B8: The provided assignment specifies data-cleaning techniques but does not provide the dataset itself in the PDF. This workbook therefore uses a clearly labeled practice dataset.

Sheet Summary
A1: WEEK 1 SALES PERFORMANCE SUMMARY
A3: Metric | B3: Value
A4: Total Revenue | B4: =SUM(Raw_Data!H2:H501)
A5: Average Revenue / Order | B5: =AVERAGE(Raw_Data!H2:H501)
A6: Total Orders | B6: =COUNT(Raw_Data!A2:A501)
A7: Average Quantity | B7: =AVERAGE(Raw_Data!F2:F501)
A8: Revenue Variance | B8: =VAR.S(Raw_Data!H2:H501)
A9: Revenue Median | B9: =MEDIAN(Raw_Data!H2:H501)
A10: Revenue Mode | B10: =MODE.SNGL(Raw_Data!H2:H501)
A13: Sales by Category | E13: Yearly Sales Trends | H13: Department-wise Revenue
A14: Category | B14: Revenue | C14: Orders | E14: Year | F14: Revenue | H14: Department | I14: Revenue
A15: Technology | B15: =SUMIF(Raw_Data!D2:D501,A15,Raw_Data!H2:H501) | C15: =COUNTIF(Raw_Data!D2:D501,A15) | E15: 2022 | F15: =SUMIF(Raw_Data!C2:C501,E15,Raw_Data!H2:H501) | H15: Computers | I15: =SUMIF(Raw_Data!E2:E501,H15,Raw_Data!H2:H501)
A16: Furniture | B16: =SUMIF(Raw_Data!D2:D501,A16,Raw_Data!H2:H501) | C16: =COUNTIF(Raw_Data!D2:D501,A16) | E16: 2023 | F16: =SUMIF(Raw_Data!C2:C501,E16,Raw_Data!H2:H501) | H16: Phones | I16: =SUMIF(Raw_Data!E2:E501,H16,Raw_Data!H2:H501)
A17: Office Supplies | B17: =SUMIF(Raw_Data!D2:D501,A17,Raw_Data!H2:H501) | C17: =COUNTIF(Raw_Data!D2:D501,A17) | E17: 2024 | F17: =SUMIF(Raw_Data!C2:C501,E17,Raw_Data!H2:H501) | H17: Accessories | I17: =SUMIF(Raw_Data!E2:E501,H17,Raw_Data!H2:H501)
E18: 2025 | F18: =SUMIF(Raw_Data!C2:C501,E18,Raw_Data!H2:H501) | H18: Chairs | I18: =SUMIF(Raw_Data!E2:E501,H18,Raw_Data!H2:H501)
H19: Tables | I19: =SUMIF(Raw_Data!E2:E501,H19,Raw_Data!H2:H501)
H20: Bookcases | I20: =SUMIF(Raw_Data!E2:E501,H20,Raw_Data!H2:H501)
H21: Binders | I21: =SUMIF(Raw_Data!E2:E501,H21,Raw_Data!H2:H501)
H22: Paper | I22: =SUMIF(Raw_Data!E2:E501,H22,Raw_Data!H2:H501)
H23: Storage | I23: =SUMIF(Raw_Data!E2:E501,H23,Raw_Data!H2:H501)

Sheet Dashboard
A1: WEEK 1 — SALES PERFORMANCE DASHBOARD
A2: Excel & Data Fundamentals | Practice Dataset
A4: Total Revenue | D4: Total Orders | G4: Avg Order Revenue | J4: Revenue Variance
A5: =Summary!B4 | D5: =Summary!B6 | G5: =Summary!B5 | J5: =Summary!B8
A6: Sales by Category | G6: Yearly Sales Trend
A21: Department-wise Revenue | G21: Assignment Coverage
G22: Total Revenue | H22: Completed
G23: Sales by Category | H23: Completed
G24: Yearly Sales Trends | H24: Completed
G25: Department-wise Revenue | H25: Completed
G26: SUM / AVERAGE / COUNT | H26: Included
G27: Descriptive Statistics | H27: Included
G28: Data Cleaning Checks | H28: Included
